MSE,MAE,R2
11125215227133.64,205903.02267191547,0.8915337810048437
